{
  "baseline_rmse": 0.0317459064988812,
  "model_rmse": 0.030340915741675467,
  "direction_accuracy": 0.6042983565107459
}